Product,Mean,Std,VolatilityIndex,VolatilityLevel
Aceite De Oliva Virgen Extra,6.413076923076924,1.2281054168839731,19.15001849525207,MEDIUM
Arroz Redondo,1.7751282051282051,0.1094693370879861,6.166841176414066,LOW
Huevos L (12),2.764871794871795,0.3477587775188866,12.577754171600276,MEDIUM
Leche Entera,1.2302564102564102,0.08776425298812786,7.13381797944349,LOW
Pan De Molde,1.493076923076923,0.08131012257024746,5.445809342674997,LOW
Pechuga De Pollo,5.278205128205128,0.6938332569098009,13.145249948740458,MEDIUM
